{"chunk_definitions":[{"row":6,"row_count":1,"visible":true,"expansion_state":0,"options":{"engine":"r","label":"unnamed-chunk-1"},"document_id":"1B4980A3","chunk_id":"cdk9uj3x2etp2","chunk_label":"unnamed-chunk-1"},{"row":20,"row_count":1,"visible":true,"expansion_state":0,"options":{"engine":"r","label":"unnamed-chunk-3"},"document_id":"1B4980A3","chunk_id":"chqmp26164ote","chunk_label":"unnamed-chunk-2"},{"row":24,"row_count":1,"visible":true,"expansion_state":0,"options":{"engine":"r","label":"unnamed-chunk-76"},"document_id":"1B4980A3","chunk_id":"ca516javzylkw","chunk_label":"unnamed-chunk-3"},{"row":31,"row_count":1,"visible":true,"expansion_state":0,"options":{"engine":"r","label":"unnamed-chunk-75"},"document_id":"1B4980A3","chunk_id":"c2cu0tfxx9vl8","chunk_label":"unnamed-chunk-4"}],"doc_write_time":1651693997,"chunk_rendered_width":400}